-- phpMyAdmin SQL Dump
-- version 4.7.9
-- https://www.phpmyadmin.net/
--
-- Host: 127.0.0.1:3306
-- Generation Time: 06-Jun-2018 às 19:56
-- Versão do servidor: 5.7.21
-- PHP Version: 5.6.35

SET SQL_MODE = "NO_AUTO_VALUE_ON_ZERO";
SET AUTOCOMMIT = 0;
START TRANSACTION;
SET time_zone = "+00:00";


/*!40101 SET @OLD_CHARACTER_SET_CLIENT=@@CHARACTER_SET_CLIENT */;
/*!40101 SET @OLD_CHARACTER_SET_RESULTS=@@CHARACTER_SET_RESULTS */;
/*!40101 SET @OLD_COLLATION_CONNECTION=@@COLLATION_CONNECTION */;
/*!40101 SET NAMES utf8mb4 */;

--
-- Database: `mydb`
--

-- --------------------------------------------------------

--
-- Estrutura da tabela `estado`
--

DROP TABLE IF EXISTS `estado`;
CREATE TABLE IF NOT EXISTS `estado` (
  `idEstado` int(11) NOT NULL AUTO_INCREMENT,
  `nomeEstado` varchar(45) NOT NULL,
  `SUFEstado` varchar(2) NOT NULL,
  PRIMARY KEY (`idEstado`)
) ENGINE=InnoDB AUTO_INCREMENT=28 DEFAULT CHARSET=utf8;

--
-- Extraindo dados da tabela `estado`
--

INSERT INTO `estado` (`idEstado`, `nomeEstado`, `SUFEstado`) VALUES
(1, 'Acre', 'AC'),
(2, 'Alagoas', 'AL'),
(3, 'Amapá', 'AP'),
(4, 'Amazonas', 'AM'),
(5, 'Bahia', 'BA'),
(6, 'Ceará', 'CE'),
(7, 'Distrito Federal', 'DF'),
(8, 'Espírito Santo', 'ES'),
(9, 'Goiás', 'GO'),
(10, 'Maranhão', 'MA'),
(11, 'Mato Grosso', 'MT'),
(12, 'Mato Grosso do Sul', 'MS'),
(13, 'Minas Gerais', 'MG'),
(14, 'Pará', 'PA'),
(15, 'Paraíba', 'PB'),
(16, 'Paraná', 'PR'),
(17, 'Pernambuco', 'PE'),
(18, 'Piauí', 'PI'),
(19, 'Rio de Janeiro', 'RJ'),
(20, 'Rio Grande do Norte', 'RN'),
(21, 'Rio Grande do Sul', 'RS'),
(22, 'Rondônia', 'RO'),
(23, 'Roraima', 'RR'),
(24, 'Santa Catarina', 'SC'),
(25, 'São Paulo', 'SP'),
(26, 'Sergipe', 'SE'),
(27, 'Tocantins', 'TO');

-- --------------------------------------------------------

--
-- Estrutura da tabela `feedback`
--

DROP TABLE IF EXISTS `feedback`;
CREATE TABLE IF NOT EXISTS `feedback` (
  `idFeedback` int(11) NOT NULL,
  PRIMARY KEY (`idFeedback`)
) ENGINE=InnoDB DEFAULT CHARSET=utf8;

-- --------------------------------------------------------

--
-- Estrutura da tabela `funcao`
--

DROP TABLE IF EXISTS `funcao`;
CREATE TABLE IF NOT EXISTS `funcao` (
  `idFuncao` int(11) NOT NULL AUTO_INCREMENT,
  `nomeFuncao` varchar(90) NOT NULL,
  PRIMARY KEY (`idFuncao`)
) ENGINE=InnoDB AUTO_INCREMENT=29 DEFAULT CHARSET=utf8;

--
-- Extraindo dados da tabela `funcao`
--

INSERT INTO `funcao` (`idFuncao`, `nomeFuncao`) VALUES
(1, 'Legislativa'),
(2, 'Judiciária'),
(3, 'Essencial à Justiça'),
(4, 'Administração'),
(5, 'Defesa Nacional'),
(6, 'Segurança Pública'),
(7, 'Relações Exteriores'),
(8, 'Assistência Social'),
(9, 'Previdência Social'),
(10, 'Saúde'),
(11, 'Trabalho'),
(12, 'Educação'),
(13, 'Cultura'),
(14, 'Direitos da Cidadania'),
(15, 'Urbanismo'),
(16, 'Habitação'),
(17, 'Saneamento'),
(18, 'Gestão Ambiental'),
(19, 'Ciência e Tecnologia'),
(20, 'Agricultura'),
(21, 'Organização Agrária'),
(22, 'Indústria'),
(23, 'Comércio e Serviços'),
(24, 'Comunicações'),
(25, 'Energia'),
(26, 'Transporte'),
(27, 'Desporto e Lazer'),
(28, 'Encargos Especiais');

-- --------------------------------------------------------

--
-- Estrutura da tabela `funcao_estado`
--

DROP TABLE IF EXISTS `funcao_estado`;
CREATE TABLE IF NOT EXISTS `funcao_estado` (
  `idFuncao` int(11) NOT NULL,
  `idEstado` int(11) NOT NULL,
  PRIMARY KEY (`idFuncao`,`idEstado`),
  KEY `Estado1_idx` (`idEstado`),
  KEY `Funcao2_idx` (`idFuncao`)
) ENGINE=InnoDB DEFAULT CHARSET=utf8;

--
-- Extraindo dados da tabela `funcao_estado`
--

INSERT INTO `funcao_estado` (`idFuncao`, `idEstado`) VALUES
(1, 1),
(2, 1),
(3, 1),
(4, 1),
(5, 1),
(6, 1),
(7, 1),
(8, 1),
(9, 1),
(10, 1),
(11, 1),
(12, 1),
(13, 1),
(14, 1),
(15, 1),
(16, 1),
(17, 1),
(18, 1),
(19, 1),
(20, 1),
(21, 1),
(22, 1),
(23, 1),
(24, 1),
(25, 1),
(26, 1),
(27, 1),
(28, 1),
(1, 2),
(2, 2),
(3, 2),
(4, 2),
(5, 2),
(6, 2),
(7, 2),
(8, 2),
(9, 2),
(10, 2),
(11, 2),
(12, 2),
(13, 2),
(14, 2),
(15, 2),
(16, 2),
(17, 2),
(18, 2),
(19, 2),
(20, 2),
(21, 2),
(22, 2),
(23, 2),
(24, 2),
(25, 2),
(26, 2),
(27, 2),
(28, 2),
(1, 3),
(2, 3),
(3, 3),
(4, 3),
(5, 3),
(6, 3),
(7, 3),
(8, 3),
(9, 3),
(10, 3),
(11, 3),
(12, 3),
(13, 3),
(14, 3),
(15, 3),
(16, 3),
(17, 3),
(18, 3),
(19, 3),
(20, 3),
(21, 3),
(22, 3),
(23, 3),
(24, 3),
(25, 3),
(26, 3),
(27, 3),
(28, 3),
(1, 4),
(2, 4),
(3, 4),
(4, 4),
(5, 4),
(6, 4),
(7, 4),
(8, 4),
(9, 4),
(10, 4),
(11, 4),
(12, 4),
(13, 4),
(14, 4),
(15, 4),
(16, 4),
(17, 4),
(18, 4),
(19, 4),
(20, 4),
(21, 4),
(22, 4),
(23, 4),
(24, 4),
(25, 4),
(26, 4),
(27, 4),
(28, 4),
(1, 5),
(2, 5),
(3, 5),
(4, 5),
(5, 5),
(6, 5),
(7, 5),
(8, 5),
(9, 5),
(10, 5),
(11, 5),
(12, 5),
(13, 5),
(14, 5),
(15, 5),
(16, 5),
(17, 5),
(18, 5),
(19, 5),
(20, 5),
(21, 5),
(22, 5),
(23, 5),
(24, 5),
(25, 5),
(26, 5),
(27, 5),
(28, 5),
(1, 6),
(2, 6),
(3, 6),
(4, 6),
(5, 6),
(6, 6),
(7, 6),
(8, 6),
(9, 6),
(10, 6),
(11, 6),
(12, 6),
(13, 6),
(14, 6),
(15, 6),
(16, 6),
(17, 6),
(18, 6),
(19, 6),
(20, 6),
(21, 6),
(22, 6),
(23, 6),
(24, 6),
(25, 6),
(26, 6),
(27, 6),
(28, 6),
(1, 7),
(2, 7),
(3, 7),
(4, 7),
(5, 7),
(6, 7),
(7, 7),
(8, 7),
(9, 7),
(10, 7),
(11, 7),
(12, 7),
(13, 7),
(14, 7),
(15, 7),
(16, 7),
(17, 7),
(18, 7),
(19, 7),
(20, 7),
(21, 7),
(22, 7),
(23, 7),
(24, 7),
(25, 7),
(26, 7),
(27, 7),
(28, 7),
(1, 8),
(2, 8),
(3, 8),
(4, 8),
(5, 8),
(6, 8),
(7, 8),
(8, 8),
(9, 8),
(10, 8),
(11, 8),
(12, 8),
(13, 8),
(14, 8),
(15, 8),
(16, 8),
(17, 8),
(18, 8),
(19, 8),
(20, 8),
(21, 8),
(22, 8),
(23, 8),
(24, 8),
(25, 8),
(26, 8),
(27, 8),
(28, 8),
(1, 9),
(2, 9),
(3, 9),
(4, 9),
(5, 9),
(6, 9),
(7, 9),
(8, 9),
(9, 9),
(10, 9),
(11, 9),
(12, 9),
(13, 9),
(14, 9),
(15, 9),
(16, 9),
(17, 9),
(18, 9),
(19, 9),
(20, 9),
(21, 9),
(22, 9),
(23, 9),
(24, 9),
(25, 9),
(26, 9),
(27, 9),
(28, 9),
(1, 10),
(2, 10),
(3, 10),
(4, 10),
(5, 10),
(6, 10),
(7, 10),
(8, 10),
(9, 10),
(10, 10),
(11, 10),
(12, 10),
(13, 10),
(14, 10),
(15, 10),
(16, 10),
(17, 10),
(18, 10),
(19, 10),
(20, 10),
(21, 10),
(22, 10),
(23, 10),
(24, 10),
(25, 10),
(26, 10),
(27, 10),
(28, 10),
(1, 11),
(2, 11),
(3, 11),
(4, 11),
(5, 11),
(6, 11),
(7, 11),
(8, 11),
(9, 11),
(10, 11),
(11, 11),
(12, 11),
(13, 11),
(14, 11),
(15, 11),
(16, 11),
(17, 11),
(18, 11),
(19, 11),
(20, 11),
(21, 11),
(22, 11),
(23, 11),
(24, 11),
(25, 11),
(26, 11),
(27, 11),
(28, 11),
(1, 12),
(2, 12),
(3, 12),
(4, 12),
(5, 12),
(6, 12),
(7, 12),
(8, 12),
(9, 12),
(10, 12),
(11, 12),
(12, 12),
(13, 12),
(14, 12),
(15, 12),
(16, 12),
(17, 12),
(18, 12),
(19, 12),
(20, 12),
(21, 12),
(22, 12),
(23, 12),
(24, 12),
(25, 12),
(26, 12),
(27, 12),
(28, 12),
(1, 13),
(2, 13),
(3, 13),
(4, 13),
(5, 13),
(6, 13),
(7, 13),
(8, 13),
(9, 13),
(10, 13),
(11, 13),
(12, 13),
(13, 13),
(14, 13),
(15, 13),
(16, 13),
(17, 13),
(18, 13),
(19, 13),
(20, 13),
(21, 13),
(22, 13),
(23, 13),
(24, 13),
(25, 13),
(26, 13),
(27, 13),
(28, 13),
(1, 14),
(2, 14),
(3, 14),
(4, 14),
(5, 14),
(6, 14),
(7, 14),
(8, 14),
(9, 14),
(10, 14),
(11, 14),
(12, 14),
(13, 14),
(14, 14),
(15, 14),
(16, 14),
(17, 14),
(18, 14),
(19, 14),
(20, 14),
(21, 14),
(22, 14),
(23, 14),
(24, 14),
(25, 14),
(26, 14),
(27, 14),
(28, 14),
(1, 15),
(2, 15),
(3, 15),
(4, 15),
(5, 15),
(6, 15),
(7, 15),
(8, 15),
(9, 15),
(10, 15),
(11, 15),
(12, 15),
(13, 15),
(14, 15),
(15, 15),
(16, 15),
(17, 15),
(18, 15),
(19, 15),
(20, 15),
(21, 15),
(22, 15),
(23, 15),
(24, 15),
(25, 15),
(26, 15),
(27, 15),
(28, 15),
(1, 16),
(2, 16),
(3, 16),
(4, 16),
(5, 16),
(6, 16),
(7, 16),
(8, 16),
(9, 16),
(10, 16),
(11, 16),
(12, 16),
(13, 16),
(14, 16),
(15, 16),
(16, 16),
(17, 16),
(18, 16),
(19, 16),
(20, 16),
(21, 16),
(22, 16),
(23, 16),
(24, 16),
(25, 16),
(26, 16),
(27, 16),
(28, 16),
(1, 17),
(2, 17),
(3, 17),
(4, 17),
(5, 17),
(6, 17),
(7, 17),
(8, 17),
(9, 17),
(10, 17),
(11, 17),
(12, 17),
(13, 17),
(14, 17),
(15, 17),
(16, 17),
(17, 17),
(18, 17),
(19, 17),
(20, 17),
(21, 17),
(22, 17),
(23, 17),
(24, 17),
(25, 17),
(26, 17),
(27, 17),
(28, 17),
(1, 18),
(2, 18),
(3, 18),
(4, 18),
(5, 18),
(6, 18),
(7, 18),
(8, 18),
(9, 18),
(10, 18),
(11, 18),
(12, 18),
(13, 18),
(14, 18),
(15, 18),
(16, 18),
(17, 18),
(18, 18),
(19, 18),
(20, 18),
(21, 18),
(22, 18),
(23, 18),
(24, 18),
(25, 18),
(26, 18),
(27, 18),
(28, 18),
(1, 19),
(2, 19),
(3, 19),
(4, 19),
(5, 19),
(6, 19),
(7, 19),
(8, 19),
(9, 19),
(10, 19),
(11, 19),
(12, 19),
(13, 19),
(14, 19),
(15, 19),
(16, 19),
(17, 19),
(18, 19),
(19, 19),
(20, 19),
(21, 19),
(22, 19),
(23, 19),
(24, 19),
(25, 19),
(26, 19),
(27, 19),
(28, 19),
(1, 20),
(2, 20),
(3, 20),
(4, 20),
(5, 20),
(6, 20),
(7, 20),
(8, 20),
(9, 20),
(10, 20),
(11, 20),
(12, 20),
(13, 20),
(14, 20),
(15, 20),
(16, 20),
(17, 20),
(18, 20),
(19, 20),
(20, 20),
(21, 20),
(22, 20),
(23, 20),
(24, 20),
(25, 20),
(26, 20),
(27, 20),
(28, 20),
(1, 21),
(2, 21),
(3, 21),
(4, 21),
(5, 21),
(6, 21),
(7, 21),
(8, 21),
(9, 21),
(10, 21),
(11, 21),
(12, 21),
(13, 21),
(14, 21),
(15, 21),
(16, 21),
(17, 21),
(18, 21),
(19, 21),
(20, 21),
(21, 21),
(22, 21),
(23, 21),
(24, 21),
(25, 21),
(26, 21),
(27, 21),
(28, 21),
(1, 22),
(2, 22),
(3, 22),
(4, 22),
(5, 22),
(6, 22),
(7, 22),
(8, 22),
(9, 22),
(10, 22),
(11, 22),
(12, 22),
(13, 22),
(14, 22),
(15, 22),
(16, 22),
(17, 22),
(18, 22),
(19, 22),
(20, 22),
(21, 22),
(22, 22),
(23, 22),
(24, 22),
(25, 22),
(26, 22),
(27, 22),
(28, 22),
(1, 23),
(2, 23),
(3, 23),
(4, 23),
(5, 23),
(6, 23),
(7, 23),
(8, 23),
(9, 23),
(10, 23),
(11, 23),
(12, 23),
(13, 23),
(14, 23),
(15, 23),
(16, 23),
(17, 23),
(18, 23),
(19, 23),
(20, 23),
(21, 23),
(22, 23),
(23, 23),
(24, 23),
(25, 23),
(26, 23),
(27, 23),
(28, 23),
(1, 24),
(2, 24),
(3, 24),
(4, 24),
(5, 24),
(6, 24),
(7, 24),
(8, 24),
(9, 24),
(10, 24),
(11, 24),
(12, 24),
(13, 24),
(14, 24),
(15, 24),
(16, 24),
(17, 24),
(18, 24),
(19, 24),
(20, 24),
(21, 24),
(22, 24),
(23, 24),
(24, 24),
(25, 24),
(26, 24),
(27, 24),
(28, 24),
(1, 25),
(2, 25),
(3, 25),
(4, 25),
(5, 25),
(6, 25),
(7, 25),
(8, 25),
(9, 25),
(10, 25),
(11, 25),
(12, 25),
(13, 25),
(14, 25),
(15, 25),
(16, 25),
(17, 25),
(18, 25),
(19, 25),
(20, 25),
(21, 25),
(22, 25),
(23, 25),
(24, 25),
(25, 25),
(26, 25),
(27, 25),
(28, 25),
(1, 26),
(2, 26),
(3, 26),
(4, 26),
(5, 26),
(6, 26),
(7, 26),
(8, 26),
(9, 26),
(10, 26),
(11, 26),
(12, 26),
(13, 26),
(14, 26),
(15, 26),
(16, 26),
(17, 26),
(18, 26),
(19, 26),
(20, 26),
(21, 26),
(22, 26),
(23, 26),
(24, 26),
(25, 26),
(26, 26),
(27, 26),
(28, 26),
(1, 27),
(2, 27),
(3, 27),
(4, 27),
(5, 27),
(6, 27),
(7, 27),
(8, 27),
(9, 27),
(10, 27),
(11, 27),
(12, 27),
(13, 27),
(14, 27),
(15, 27),
(16, 27),
(17, 27),
(18, 27),
(19, 27),
(20, 27),
(21, 27),
(22, 27),
(23, 27),
(24, 27),
(25, 27),
(26, 27),
(27, 27),
(28, 27);

-- --------------------------------------------------------

--
-- Estrutura da tabela `orgaosuperior`
--

DROP TABLE IF EXISTS `orgaosuperior`;
CREATE TABLE IF NOT EXISTS `orgaosuperior` (
  `idOrgaoSuperior` int(11) NOT NULL AUTO_INCREMENT,
  `nomeOrgaoSuperior` varchar(90) NOT NULL,
  PRIMARY KEY (`idOrgaoSuperior`),
  UNIQUE KEY `idOrgaoSuperior_UNIQUE` (`idOrgaoSuperior`)
) ENGINE=InnoDB AUTO_INCREMENT=27 DEFAULT CHARSET=utf8;

--
-- Extraindo dados da tabela `orgaosuperior`
--

INSERT INTO `orgaosuperior` (`idOrgaoSuperior`, `nomeOrgaoSuperior`) VALUES
(1, 'MINISTERIO DA FAZENDA'),
(2, 'MINISTERIO DA PREVIDENCIA SOCIAL'),
(3, 'MINISTERIO DO TRABALHO'),
(4, 'MINISTERIO DA EDUCACAO'),
(5, 'MINIST.DOS TRANSP.,PORTOS E AVIACAO CIVIL'),
(6, 'MINISTERIO DA DEFESA'),
(7, 'MINIST.DA CIENCIA,TECNOL.,INOV.E COMUNICACOES'),
(8, 'MINISTERIO DE MINAS E ENERGIA'),
(9, 'MINIST. DA AGRICUL.,PECUARIA E ABASTECIMENTO'),
(10, 'MINISTERIO DA SAUDE'),
(11, 'PRESIDENCIA DA REPUBLICA'),
(12, 'MINISTERIO DA JUSTICA E SEGURANçA PUBLICA'),
(13, 'MINIST. DO PLANEJAMENTO, DESENVOLV. E GESTAO'),
(14, 'MINISTERIO DA CULTURA'),
(15, 'MINISTERIO DO DESENVOLVIMENTO SOCIAL'),
(16, 'MINISTERIO DAS CIDADES'),
(17, 'MINIST. DA INDUSTRIA, COM.EXTERIOR E SERVICOS'),
(18, 'MINISTERIO DO MEIO AMBIENTE'),
(19, 'MINISTERIO DA INTEGRACAO NACIONAL'),
(20, 'MINISTERIO DO TURISMO'),
(21, 'MINISTERIO DAS RELACOES EXTERIORES'),
(22, 'MINISTERIO DOS DIREITOS HUMANOS'),
(23, 'DEFENSORIA PUBLICA DA UNIAO'),
(24, 'MINISTERIO DO ESPORTE'),
(25, 'ADVOCACIA-GERAL DA UNIAO'),
(26, 'MINISTERIO DA TRANSPARENCIA E CGU');

-- --------------------------------------------------------

--
-- Estrutura da tabela `orgaosuperior_funcao`
--

DROP TABLE IF EXISTS `orgaosuperior_funcao`;
CREATE TABLE IF NOT EXISTS `orgaosuperior_funcao` (
  `idOrgaoSuperior` int(11) NOT NULL,
  `idFuncao` int(11) NOT NULL,
  PRIMARY KEY (`idOrgaoSuperior`,`idFuncao`),
  KEY `Funcao1_idx` (`idFuncao`),
  KEY `OrgaoSuperior1_idx` (`idOrgaoSuperior`)
) ENGINE=InnoDB DEFAULT CHARSET=utf8;

--
-- Extraindo dados da tabela `orgaosuperior_funcao`
--

INSERT INTO `orgaosuperior_funcao` (`idOrgaoSuperior`, `idFuncao`) VALUES
(1, 1),
(2, 1),
(3, 1),
(4, 1),
(5, 1),
(6, 1),
(7, 1),
(8, 1),
(9, 1),
(10, 1),
(11, 1),
(12, 1),
(13, 1),
(14, 1),
(15, 1),
(16, 1),
(17, 1),
(18, 1),
(19, 1),
(20, 1),
(21, 1),
(22, 1),
(23, 1),
(24, 1),
(25, 1),
(26, 1),
(1, 2),
(2, 2),
(3, 2),
(4, 2),
(5, 2),
(6, 2),
(7, 2),
(8, 2),
(9, 2),
(10, 2),
(11, 2),
(12, 2),
(13, 2),
(14, 2),
(15, 2),
(16, 2),
(17, 2),
(18, 2),
(19, 2),
(20, 2),
(21, 2),
(22, 2),
(23, 2),
(24, 2),
(25, 2),
(26, 2),
(1, 3),
(2, 3),
(3, 3),
(4, 3),
(5, 3),
(6, 3),
(7, 3),
(8, 3),
(9, 3),
(10, 3),
(11, 3),
(12, 3),
(13, 3),
(14, 3),
(15, 3),
(16, 3),
(17, 3),
(18, 3),
(19, 3),
(20, 3),
(21, 3),
(22, 3),
(23, 3),
(24, 3),
(25, 3),
(26, 3),
(1, 4),
(2, 4),
(3, 4),
(4, 4),
(5, 4),
(6, 4),
(7, 4),
(8, 4),
(9, 4),
(10, 4),
(11, 4),
(12, 4),
(13, 4),
(14, 4),
(15, 4),
(16, 4),
(17, 4),
(18, 4),
(19, 4),
(20, 4),
(21, 4),
(22, 4),
(23, 4),
(24, 4),
(25, 4),
(26, 4),
(1, 5),
(2, 5),
(3, 5),
(4, 5),
(5, 5),
(6, 5),
(7, 5),
(8, 5),
(9, 5),
(10, 5),
(11, 5),
(12, 5),
(13, 5),
(14, 5),
(15, 5),
(16, 5),
(17, 5),
(18, 5),
(19, 5),
(20, 5),
(21, 5),
(22, 5),
(23, 5),
(24, 5),
(25, 5),
(26, 5),
(1, 6),
(2, 6),
(3, 6),
(4, 6),
(5, 6),
(6, 6),
(7, 6),
(8, 6),
(9, 6),
(10, 6),
(11, 6),
(12, 6),
(13, 6),
(14, 6),
(15, 6),
(16, 6),
(17, 6),
(18, 6),
(19, 6),
(20, 6),
(21, 6),
(22, 6),
(23, 6),
(24, 6),
(25, 6),
(26, 6),
(1, 7),
(2, 7),
(3, 7),
(4, 7),
(5, 7),
(6, 7),
(7, 7),
(8, 7),
(9, 7),
(10, 7),
(11, 7),
(12, 7),
(13, 7),
(14, 7),
(15, 7),
(16, 7),
(17, 7),
(18, 7),
(19, 7),
(20, 7),
(21, 7),
(22, 7),
(23, 7),
(24, 7),
(25, 7),
(26, 7),
(1, 8),
(2, 8),
(3, 8),
(4, 8),
(5, 8),
(6, 8),
(7, 8),
(8, 8),
(9, 8),
(10, 8),
(11, 8),
(12, 8),
(13, 8),
(14, 8),
(15, 8),
(16, 8),
(17, 8),
(18, 8),
(19, 8),
(20, 8),
(21, 8),
(22, 8),
(23, 8),
(24, 8),
(25, 8),
(26, 8),
(1, 9),
(2, 9),
(3, 9),
(4, 9),
(5, 9),
(6, 9),
(7, 9),
(8, 9),
(9, 9),
(10, 9),
(11, 9),
(12, 9),
(13, 9),
(14, 9),
(15, 9),
(16, 9),
(17, 9),
(18, 9),
(19, 9),
(20, 9),
(21, 9),
(22, 9),
(23, 9),
(24, 9),
(25, 9),
(26, 9),
(1, 10),
(2, 10),
(3, 10),
(4, 10),
(5, 10),
(6, 10),
(7, 10),
(8, 10),
(9, 10),
(10, 10),
(11, 10),
(12, 10),
(13, 10),
(14, 10),
(15, 10),
(16, 10),
(17, 10),
(18, 10),
(19, 10),
(20, 10),
(21, 10),
(22, 10),
(23, 10),
(24, 10),
(25, 10),
(26, 10),
(1, 11),
(2, 11),
(3, 11),
(4, 11),
(5, 11),
(6, 11),
(7, 11),
(8, 11),
(9, 11),
(10, 11),
(11, 11),
(12, 11),
(13, 11),
(14, 11),
(15, 11),
(16, 11),
(17, 11),
(18, 11),
(19, 11),
(20, 11),
(21, 11),
(22, 11),
(23, 11),
(24, 11),
(25, 11),
(26, 11),
(1, 12),
(2, 12),
(3, 12),
(4, 12),
(5, 12),
(6, 12),
(7, 12),
(8, 12),
(9, 12),
(10, 12),
(11, 12),
(12, 12),
(13, 12),
(14, 12),
(15, 12),
(16, 12),
(17, 12),
(18, 12),
(19, 12),
(20, 12),
(21, 12),
(22, 12),
(23, 12),
(24, 12),
(25, 12),
(26, 12),
(1, 13),
(2, 13),
(3, 13),
(4, 13),
(5, 13),
(6, 13),
(7, 13),
(8, 13),
(9, 13),
(10, 13),
(11, 13),
(12, 13),
(13, 13),
(14, 13),
(15, 13),
(16, 13),
(17, 13),
(18, 13),
(19, 13),
(20, 13),
(21, 13),
(22, 13),
(23, 13),
(24, 13),
(25, 13),
(26, 13),
(1, 14),
(2, 14),
(3, 14),
(4, 14),
(5, 14),
(6, 14),
(7, 14),
(8, 14),
(9, 14),
(10, 14),
(11, 14),
(12, 14),
(13, 14),
(14, 14),
(15, 14),
(16, 14),
(17, 14),
(18, 14),
(19, 14),
(20, 14),
(21, 14),
(22, 14),
(23, 14),
(24, 14),
(25, 14),
(26, 14),
(1, 15),
(2, 15),
(3, 15),
(4, 15),
(5, 15),
(6, 15),
(7, 15),
(8, 15),
(9, 15),
(10, 15),
(11, 15),
(12, 15),
(13, 15),
(14, 15),
(15, 15),
(16, 15),
(17, 15),
(18, 15),
(19, 15),
(20, 15),
(21, 15),
(22, 15),
(23, 15),
(24, 15),
(25, 15),
(26, 15),
(1, 16),
(2, 16),
(3, 16),
(4, 16),
(5, 16),
(6, 16),
(7, 16),
(8, 16),
(9, 16),
(10, 16),
(11, 16),
(12, 16),
(13, 16),
(14, 16),
(15, 16),
(16, 16),
(17, 16),
(18, 16),
(19, 16),
(20, 16),
(21, 16),
(22, 16),
(23, 16),
(24, 16),
(25, 16),
(26, 16),
(1, 17),
(2, 17),
(3, 17),
(4, 17),
(5, 17),
(6, 17),
(7, 17),
(8, 17),
(9, 17),
(10, 17),
(11, 17),
(12, 17),
(13, 17),
(14, 17),
(15, 17),
(16, 17),
(17, 17),
(18, 17),
(19, 17),
(20, 17),
(21, 17),
(22, 17),
(23, 17),
(24, 17),
(25, 17),
(26, 17),
(1, 18),
(2, 18),
(3, 18),
(4, 18),
(5, 18),
(6, 18),
(7, 18),
(8, 18),
(9, 18),
(10, 18),
(11, 18),
(12, 18),
(13, 18),
(14, 18),
(15, 18),
(16, 18),
(17, 18),
(18, 18),
(19, 18),
(20, 18),
(21, 18),
(22, 18),
(23, 18),
(24, 18),
(25, 18),
(26, 18),
(1, 19),
(2, 19),
(3, 19),
(4, 19),
(5, 19),
(6, 19),
(7, 19),
(8, 19),
(9, 19),
(10, 19),
(11, 19),
(12, 19),
(13, 19),
(14, 19),
(15, 19),
(16, 19),
(17, 19),
(18, 19),
(19, 19),
(20, 19),
(21, 19),
(22, 19),
(23, 19),
(24, 19),
(25, 19),
(26, 19),
(1, 20),
(2, 20),
(3, 20),
(4, 20),
(5, 20),
(6, 20),
(7, 20),
(8, 20),
(9, 20),
(10, 20),
(11, 20),
(12, 20),
(13, 20),
(14, 20),
(15, 20),
(16, 20),
(17, 20),
(18, 20),
(19, 20),
(20, 20),
(21, 20),
(22, 20),
(23, 20),
(24, 20),
(25, 20),
(26, 20),
(1, 21),
(2, 21),
(3, 21),
(4, 21),
(5, 21),
(6, 21),
(7, 21),
(8, 21),
(9, 21),
(10, 21),
(11, 21),
(12, 21),
(13, 21),
(14, 21),
(15, 21),
(16, 21),
(17, 21),
(18, 21),
(19, 21),
(20, 21),
(21, 21),
(22, 21),
(23, 21),
(24, 21),
(25, 21),
(26, 21),
(1, 22),
(2, 22),
(3, 22),
(4, 22),
(5, 22),
(6, 22),
(7, 22),
(8, 22),
(9, 22),
(10, 22),
(11, 22),
(12, 22),
(13, 22),
(14, 22),
(15, 22),
(16, 22),
(17, 22),
(18, 22),
(19, 22),
(20, 22),
(21, 22),
(22, 22),
(23, 22),
(24, 22),
(25, 22),
(26, 22),
(1, 23),
(2, 23),
(3, 23),
(4, 23),
(5, 23),
(6, 23),
(7, 23),
(8, 23),
(9, 23),
(10, 23),
(11, 23),
(12, 23),
(13, 23),
(14, 23),
(15, 23),
(16, 23),
(17, 23),
(18, 23),
(19, 23),
(20, 23),
(21, 23),
(22, 23),
(23, 23),
(24, 23),
(25, 23),
(26, 23),
(1, 24),
(2, 24),
(3, 24),
(4, 24),
(5, 24),
(6, 24),
(7, 24),
(8, 24),
(9, 24),
(10, 24),
(11, 24),
(12, 24),
(13, 24),
(14, 24),
(15, 24),
(16, 24),
(17, 24),
(18, 24),
(19, 24),
(20, 24),
(21, 24),
(22, 24),
(23, 24),
(24, 24),
(25, 24),
(26, 24),
(1, 25),
(2, 25),
(3, 25),
(4, 25),
(5, 25),
(6, 25),
(7, 25),
(8, 25),
(9, 25),
(10, 25),
(11, 25),
(12, 25),
(13, 25),
(14, 25),
(15, 25),
(16, 25),
(17, 25),
(18, 25),
(19, 25),
(20, 25),
(21, 25),
(22, 25),
(23, 25),
(24, 25),
(25, 25),
(26, 25),
(1, 26),
(2, 26),
(3, 26),
(4, 26),
(5, 26),
(6, 26),
(7, 26),
(8, 26),
(9, 26),
(10, 26),
(11, 26),
(12, 26),
(13, 26),
(14, 26),
(15, 26),
(16, 26),
(17, 26),
(18, 26),
(19, 26),
(20, 26),
(21, 26),
(22, 26),
(23, 26),
(24, 26),
(25, 26),
(26, 26),
(1, 27),
(2, 27),
(3, 27),
(4, 27),
(5, 27),
(6, 27),
(7, 27),
(8, 27),
(9, 27),
(10, 27),
(11, 27),
(12, 27),
(13, 27),
(14, 27),
(15, 27),
(16, 27),
(17, 27),
(18, 27),
(19, 27),
(20, 27),
(21, 27),
(22, 27),
(23, 27),
(24, 27),
(25, 27),
(26, 27),
(1, 28),
(2, 28),
(3, 28),
(4, 28),
(5, 28),
(6, 28),
(7, 28),
(8, 28),
(9, 28),
(10, 28),
(11, 28),
(12, 28),
(13, 28),
(14, 28),
(15, 28),
(16, 28),
(17, 28),
(18, 28),
(19, 28),
(20, 28),
(21, 28),
(22, 28),
(23, 28),
(24, 28),
(25, 28),
(26, 28);

-- --------------------------------------------------------

--
-- Estrutura da tabela `programa`
--

DROP TABLE IF EXISTS `programa`;
CREATE TABLE IF NOT EXISTS `programa` (
  `idPrograma` int(11) NOT NULL AUTO_INCREMENT,
  `nomeprograma` varchar(255) DEFAULT NULL,
  `idSubFuncao` int(11) NOT NULL,
  PRIMARY KEY (`idPrograma`),
  KEY `SubFuncao1_idx` (`idSubFuncao`)
) ENGINE=InnoDB AUTO_INCREMENT=113 DEFAULT CHARSET=utf8;

--
-- Extraindo dados da tabela `programa`
--

INSERT INTO `programa` (`idPrograma`, `nomeprograma`, `idSubFuncao`) VALUES
(1, 'Programa de Gestão e Manutenção da Presidência da República', 1),
(2, 'Democracia e Aperfeiçoamento da Gestão Pública', 1),
(3, 'Promoção dos Direitos da Juventude', 2),
(4, 'Política Nuclear', 2),
(5, 'Simplificação da Vida da Empresa e do Cidadão: Bem Mais Simples Brasil', 3),
(6, 'Programa de Gestão e Manutenção do Ministério da Justiça e Segurança Pública', 3),
(7, 'Políticas para as Mulheres: Promoção da Igualdade e Enfrentamento à Violência', 4),
(8, 'Programa de Gestão e Manutenção do Ministério do Planejamento, Desenvolvimento e Gestão', 4),
(9, 'Programa de Gestão e Manutenção do Ministério da Saúde', 5),
(10, 'Programa de Gestão e Manutenção do Ministério do Desenvolvimento Agrário', 5),
(11, 'Operações Especiais - Remuneração de Agentes Financeiros', 6),
(12, 'Reforma Agrária e Governança Fundiária', 6),
(13, 'Desenvolvimento Regional e Territorial', 7),
(14, 'Comunicações para o Desenvolvimento, a Inclusão e a Democracia', 7),
(15, 'Cultura: dimensão essencial do Desenvolvimento', 8),
(16, 'Operações Especiais: Cumprimento de Sentenças Judiciais', 8),
(17, 'Programa de Gestão e Manutenção da Advocacia-Geral da União', 9),
(18, 'Programa de Gestão e Manutenção do Ministério da Ciência, Tecnologia, Inovações e Comunicações', 9),
(19, 'Promoção da Igualdade Racial e Superação do Racismo', 10),
(20, 'Programa de Gestão e Manutenção do Ministério da Indústria, Comércio Exterior e Serviços', 10),
(21, 'Operações Especiais: Outros Encargos Especiais', 11),
(22, 'Programa de Gestão e Manutenção do Ministério dos Transportes, Portos e Aviação Civil', 11),
(23, 'Promoção e Defesa dos Direitos Humanos', 12),
(24, 'Programa de Gestão e Manutenção do Ministério do Desenvolvimento Social', 12),
(25, 'Justiça, Cidadania e Segurança Pública', 13),
(26, 'Programa de Gestão e Manutenção do Ministério da Defesa', 13),
(27, 'Programa de Gestão e Manutenção do Ministério das Relações Exteriores', 14),
(28, 'Programa de Gestão e Manutenção do Ministério do Trabalho', 14),
(29, 'Programa de Gestão e Manutenção do Ministério da Educação', 15),
(30, 'Programa de Gestão e Manutenção do Ministério da Cultura', 15),
(31, 'Programa de Gestão e Manutenção do Ministério das Cidades', 16),
(32, 'Programa de Gestão e Manutenção do Ministério do Meio Ambiente', 16),
(33, 'Programa de Gestão e Manutenção do Ministério do Turismo', 17),
(34, 'Programa de Gestão e Manutenção do Ministério de Minas e Energia', 17),
(35, 'Programa de Gestão e Manutenção do Ministério da Fazenda', 18),
(36, 'Educação de qualidade para todos', 18),
(37, 'Programa de Gestão e Manutenção do Ministério da Integração Nacional', 19),
(38, 'Atuação Legislativa da Câmara dos Deputados', 19),
(39, 'Consolidação do Sistema Único de Assistência Social (SUAS)', 20),
(40, 'Agropecuária Sustentável', 20),
(41, 'Defesa Agropecuária', 21),
(42, 'Pesquisa e Inovações para a Agropecuária', 21),
(43, 'Pesca e Aquicultura', 22),
(44, 'Conservação e Uso Sustentável da Biodiversidade', 22),
(45, 'Agropecuária Sustentável, Abastecimento e Comercialização', 23),
(46, 'Recursos Hídricos', 23),
(47, 'Defesa da Ordem Jurídica', 24),
(48, 'Mudança do Clima', 24),
(49, 'Segurança Alimentar e Nutricional', 25),
(50, 'Ciência, Tecnologia e Inovação', 25),
(51, 'Política Espacial', 26),
(52, 'Gestão de Riscos e de Desastres', 26),
(53, 'Fortalecimento do Sistema Único de Saúde (SUS)', 27),
(54, 'Conservação e Gestão de Recursos Hídricos', 27),
(55, 'Promoção do Trabalho Decente e Economia Solidária', 28),
(56, 'Geologia, Mineração e Transformação Mineral', 28),
(57, 'Desenvolvimento Produtivo', 29),
(58, 'Programa de Gestão e Manutenção do Ministério das Comunicações', 29),
(59, 'Gestão da Política Econômica, Garantia da Estabilidade do Sistema Financeiro Nacional e Melhoria do Ambiente', 30),
(60, 'Previdência Social', 30),
(61, 'Programa de Gestão e Manutenção do Ministério da Transparência e Controladoria-Geral da União', 31),
(62, 'Controle Externo', 31),
(63, 'Programa de Gestão e Manutenção do Ministério da Previdência Social', 32),
(64, 'Prestação Jurisdicional na Justiça Federal', 32),
(65, 'Operações Especiais: Gestão da Participação em Organismos e Entidades Nacionais e Internacionais', 33),
(66, 'Serviços de Tecnologia da Informação', 33),
(67, 'Programa de Gestão e Manutenção de Infraestrutura de Empresas Estatais Federais', 34),
(68, 'Comércio Exterior', 34),
(69, 'Operações Especiais: Transferências Constitucionais e as Decorrentes de Legislação Específica', 35),
(70, 'Promoção e Defesa dos Direitos de Pessoas com Deficiência', 35),
(71, 'Operações Especiais: Financiamentos com Retorno', 36),
(72, 'Combustíveis', 36),
(73, 'Qualidade Ambiental', 37),
(74, 'Desenvolvimento e Promoção do Turismo', 37),
(75, 'Educação Superior - Graduação, Pós-Graduação, Ensino, Pesquisa e Extensão', 38),
(76, 'Esporte, Cidadania e Desenvolvimento', 38),
(77, 'Gestão do Processo Eleitoral', 39),
(78, 'Educação Profissional e Tecnológica', 39),
(79, 'Inclusão social por meio do Bolsa Família, do Cadastro Único e da articulação de políticas sociais', 40),
(80, 'Transporte Terrestre', 40),
(81, 'Educação Básica', 41),
(82, 'Saneamento Básico', 41),
(83, 'Redução do impacto social do álcool e outras drogas: Prevenção, Cuidado e Reinserção Social', 42),
(84, 'Brasil Universitário', 42),
(85, 'Defesa Nacional', 43),
(86, 'Planejamento Urbano', 43),
(87, 'Desenvolvimento da Educação Profissional e Tecnológica', 44),
(88, 'Desenvolvimento da Indústria, Comércio e Serviços', 44),
(89, 'Prestação de Assistência Jurídica Gratuita pela Defensoria Pública da União', 45),
(90, 'Cidadania e Justiça', 45),
(91, 'Segurança Pública com Cidadania', 46),
(92, 'Proteção e Promoção dos Direitos dos Povos Indígenas', 46),
(93, 'Proteção de Terras Indígenas, Gestão Territorial e Etnodesenvolvimento', 47),
(94, 'Coordenação de Políticas de Prevenção, Atenção e Reinserção Social de Usuários de Crack, Álcool e outras Droga', 47),
(95, 'Energia Elétrica', 48),
(96, 'Oceanos, Zona Costeira e Antártica', 48),
(97, 'Petróleo e Gás', 49),
(98, 'Política Externa', 49),
(99, 'Apoio Administrativo', 50),
(100, 'Transporte Aquaviário', 50),
(101, 'Transporte Marítimo', 51),
(102, 'Transporte Ferroviário', 51),
(103, 'Vetor Logístico Leste', 52),
(104, 'Vetor Logístico Nordeste Meridional', 52),
(105, 'Transporte Rodoviário', 53),
(106, 'Transporte Hidroviário', 53),
(107, 'Vetor Logístico Nordeste Setentrional', 54),
(108, 'Programa de Gestão e Manutenção do Ministério do Trabalho e Emprego', 54),
(109, 'Biodiversidade', 55),
(110, 'Programa de Gestão e Manutenção do Ministério do Esporte', 55),
(111, 'Oferta de Água', 56),
(112, 'Agricultura Irrigada', 56);

-- --------------------------------------------------------

--
-- Estrutura da tabela `subfuncao`
--

DROP TABLE IF EXISTS `subfuncao`;
CREATE TABLE IF NOT EXISTS `subfuncao` (
  `idSubFuncao` int(11) NOT NULL AUTO_INCREMENT,
  `nomeSubFuncao` varchar(90) NOT NULL,
  `idFuncao` int(11) NOT NULL,
  PRIMARY KEY (`idSubFuncao`),
  KEY `Funcao3_idx` (`idFuncao`)
) ENGINE=InnoDB AUTO_INCREMENT=57 DEFAULT CHARSET=utf8;

--
-- Extraindo dados da tabela `subfuncao`
--

INSERT INTO `subfuncao` (`idSubFuncao`, `nomeSubFuncao`, `idFuncao`) VALUES
(1, 'Ação Legislativa', 1),
(2, 'Controle Externo', 1),
(3, 'Ação Judiciária', 2),
(4, 'Defesa do Interesse Público no Processo Judiciário', 2),
(5, 'Defesa da Ordem Jurídica', 3),
(6, 'Representação Judicial e Extrajudicial', 3),
(7, 'Planejamento e Orçamento', 4),
(8, 'Administração Geral', 4),
(9, 'Defesa Aérea', 5),
(10, 'Defesa Naval', 5),
(11, 'Policiamento', 6),
(12, 'Defesa Civil', 6),
(13, 'Relações Diplomáticas', 7),
(14, 'Cooperação Internacional', 7),
(15, 'Assistência ao Idoso', 8),
(16, 'Assistência ao Portador de Deficiência', 8),
(17, 'Previdência Básica', 9),
(18, 'Previdência do Regime Estatutário', 9),
(19, 'Atenção Básica', 10),
(20, 'Atenção Básica', 10),
(21, 'Proteção e Benefícios ao Trabalhador', 11),
(22, 'Relações de Trabalho', 11),
(23, 'Ensino Fundamental', 12),
(24, 'Ensino Médio', 12),
(25, 'Patrimônio Histórico, Artístico e Arqueológico', 13),
(26, 'Difusão Cultural', 13),
(27, 'Custódia e Reintegração Social', 14),
(28, 'Direitos Individuais, Coletivos e Difusos', 14),
(29, 'Infra-Estrutura Urbana', 15),
(30, 'Serviços Urbanos', 15),
(31, 'Habitação Rural', 16),
(32, 'Habitação Urbana', 16),
(33, 'Saneamento Básico Rural', 17),
(34, 'Saneamento Básico Urbano', 17),
(35, 'Preservação e Conservação Ambiental', 18),
(36, 'Controle Ambiental', 18),
(37, 'Desenvolvimento Científico', 19),
(38, 'Desenvolvimento Tecnológico e Engenharia', 19),
(39, 'Promoção da Produção Vegetal', 20),
(40, 'Promoção da Produção Animal', 20),
(41, 'Reforma Agrária', 21),
(42, 'Colonização', 21),
(43, 'Promoção Industrial', 22),
(44, 'Produção Industrial', 22),
(45, 'Promoção Comercial', 23),
(46, 'Comercialização', 23),
(47, 'Comunicações Postais', 24),
(48, 'Telecomunicações', 24),
(49, 'Conservação de Energia', 25),
(50, 'Energia Elétrica', 25),
(51, 'Transporte Aéreo', 26),
(52, 'Transporte Rodoviário', 26),
(53, 'Desporto de Rendimento', 27),
(54, 'Desporto Comunitário', 27),
(55, 'Refinanciamento da Dívida Interna', 28),
(56, 'Refinanciamento da Dívida Externa', 28);

-- --------------------------------------------------------

--
-- Estrutura da tabela `valorpago`
--

DROP TABLE IF EXISTS `valorpago`;
CREATE TABLE IF NOT EXISTS `valorpago` (
  `idValorPago` int(11) NOT NULL AUTO_INCREMENT,
  `valor` decimal(12,2) NOT NULL,
  `datapagamento` year(4) DEFAULT NULL,
  `idPrograma` int(11) NOT NULL,
  PRIMARY KEY (`idValorPago`,`idPrograma`),
  KEY `Programa1_idx` (`idPrograma`)
) ENGINE=InnoDB AUTO_INCREMENT=337 DEFAULT CHARSET=utf8;

--
-- Extraindo dados da tabela `valorpago`
--

INSERT INTO `valorpago` (`idValorPago`, `valor`, `datapagamento`, `idPrograma`) VALUES
(1, '312413434.55', 2015, 1),
(2, '234234241.45', 2016, 1),
(3, '342342342.34', 2017, 1),
(4, '232323232.34', 2015, 2),
(5, '242423423.45', 2016, 2),
(6, '454352534.33', 2017, 2),
(7, '232232334.33', 2015, 3),
(8, '2323232322.33', 2016, 3),
(9, '3434334454.99', 2017, 3),
(10, '5564566364.96', 2015, 4),
(11, '3434343434.43', 2016, 4),
(12, '3434565656.99', 2017, 4),
(13, '9667364343.88', 2015, 5),
(14, '9878767643.99', 2016, 5),
(15, '3334545454.88', 2017, 5),
(16, '1234345455.99', 2015, 6),
(17, '4546565665.88', 2016, 6),
(18, '8343434343.99', 2017, 6),
(19, '4565465656.84', 2015, 7),
(20, '5656565332.44', 2016, 7),
(21, '2343434343.44', 2017, 7),
(22, '4545465667.64', 2015, 8),
(23, '5434535353.74', 2016, 8),
(24, '2342342342.34', 2017, 8),
(25, '3434345454.54', 2015, 9),
(26, '3453453453.44', 2016, 9),
(27, '4545454545.54', 2017, 9),
(28, '7676565663.98', 2015, 10),
(29, '4546567657.95', 2016, 10),
(30, '4534534522.92', 2017, 10),
(31, '1231233123.42', 2015, 11),
(32, '6796783696.56', 2016, 11),
(33, '4564563456.61', 2017, 11),
(34, '3433534545.30', 2015, 12),
(35, '4365363453.34', 2016, 12),
(36, '2352532432.10', 2017, 12),
(37, '1432414312.12', 2015, 13),
(38, '7135766224.43', 2016, 13),
(39, '1272354352.23', 2017, 13),
(40, '2547346634.23', 2015, 14),
(41, '2527632346.53', 2016, 14),
(42, '2635564525.54', 2017, 14),
(43, '1231241241.12', 2015, 15),
(44, '1551521525.54', 2016, 15),
(45, '1243145234.33', 2017, 15),
(46, '6332343423.12', 2015, 16),
(47, '2534236283.32', 2016, 16),
(48, '2334434343.12', 2017, 16),
(49, '4321212313.78', 2015, 17),
(50, '6767323122.90', 2016, 17),
(51, '1212434332.98', 2017, 17),
(52, '3231312312.87', 2015, 18),
(53, '2323134344.98', 2016, 18),
(54, '1455656565.98', 2017, 18),
(55, '4353454543.33', 2015, 19),
(56, '2312323343.45', 2016, 19),
(57, '6566546334.98', 2017, 19),
(58, '9877627672.98', 2015, 20),
(59, '8837676763.98', 2016, 20),
(60, '3424234234.34', 2017, 20),
(61, '2342342423.90', 2015, 21),
(62, '3434343433.98', 2016, 21),
(63, '2342423423.84', 2017, 21),
(64, '2342342343.87', 2015, 22),
(65, '9878777722.98', 2016, 22),
(66, '3423545454.09', 2017, 22),
(67, '2342342333.98', 2015, 23),
(68, '2332324454.87', 2016, 23),
(69, '3454555634.09', 2017, 23),
(70, '2342345554.98', 2015, 24),
(71, '8787676762.09', 2016, 24),
(72, '3233454545.98', 2017, 24),
(73, '3423434322.00', 2015, 25),
(74, '2342234234.87', 2016, 25),
(75, '1342342343.98', 2017, 25),
(76, '3423432887.76', 2015, 26),
(77, '3423445444.98', 2016, 26),
(78, '9878776763.87', 2017, 26),
(79, '3453453453.98', 2015, 27),
(80, '3434234223.76', 2016, 27),
(81, '2343454544.89', 2017, 27),
(82, '2344534545.98', 2015, 28),
(83, '4545345345.76', 2016, 28),
(84, '1344545445.98', 2017, 28),
(85, '9878773673.90', 2015, 29),
(86, '3423423424.98', 2016, 29),
(87, '2384877773.93', 2017, 29),
(88, '2342343433.09', 2015, 30),
(89, '3423423433.98', 2016, 30),
(90, '4334343439.98', 2017, 30),
(91, '9887443643.87', 2015, 31),
(92, '9737476554.87', 2016, 31),
(93, '2364526583.98', 2017, 31),
(94, '2342638489.87', 2015, 32),
(95, '9878767556.98', 2016, 32),
(96, '2344848878.93', 2017, 32),
(97, '9876554542.98', 2015, 33),
(98, '7082883723.00', 2016, 33),
(99, '8983482738.87', 2017, 33),
(100, '2343428787.93', 2015, 34),
(101, '8776767338.99', 2016, 34),
(102, '3423423748.09', 2017, 34),
(103, '6567349933.09', 2015, 35),
(104, '5090908343.89', 2016, 35),
(105, '3434787797.98', 2017, 35),
(106, '8767634388.09', 2015, 36),
(107, '2342343888.09', 2016, 36),
(108, '2344875878.54', 2017, 36),
(109, '3453453676.76', 2015, 37),
(110, '4878788883.98', 2016, 37),
(111, '8776765638.98', 2017, 37),
(112, '3434566767.87', 2015, 38),
(113, '4343428487.99', 2016, 38),
(114, '5909089890.98', 2017, 38),
(115, '7676767673.98', 2015, 39),
(116, '4887879977.98', 2016, 39),
(117, '2342343433.90', 2017, 39),
(118, '3434244342.34', 2015, 40),
(119, '2342342424.34', 2016, 40),
(120, '1323234443.34', 2017, 40),
(121, '3424234234.56', 2015, 41),
(122, '4535345345.45', 2016, 41),
(123, '3453535566.88', 2017, 41),
(124, '3452323424.45', 2015, 42),
(125, '3435455656.44', 2016, 42),
(126, '4545656767.56', 2017, 42),
(127, '2342343544.45', 2015, 43),
(128, '3453455555.66', 2016, 43),
(129, '4564566575.67', 2017, 43),
(130, '2345454564.56', 2015, 44),
(131, '5656576756.56', 2016, 44),
(132, '7435242234.34', 2017, 44),
(133, '4353242343.34', 2015, 45),
(134, '3454645645.34', 2016, 45),
(135, '3454546456.37', 2017, 45),
(136, '4545445533.34', 2015, 46),
(137, '3453465464.31', 2016, 46),
(138, '1223234345.56', 2017, 46),
(139, '4564567657.56', 2015, 47),
(140, '5676756755.67', 2016, 47),
(141, '7867456343.45', 2017, 47),
(142, '3454565632.45', 2015, 48),
(143, '4546565345.45', 2016, 48),
(144, '6757556444.78', 2017, 48),
(145, '5645643635.34', 2015, 49),
(146, '4546456456.67', 2016, 49),
(147, '6546464645.56', 2017, 49),
(148, '4565675734.45', 2015, 50),
(149, '3454656775.67', 2016, 50),
(150, '7463535434.45', 2017, 50),
(151, '3456546556.45', 2015, 51),
(152, '4564563543.45', 2016, 51),
(153, '6756756755.66', 2017, 51),
(154, '2343453544.55', 2015, 52),
(155, '5645645655.56', 2016, 52),
(156, '3556757567.45', 2017, 52),
(157, '5646245245.56', 2015, 53),
(158, '4562424543.32', 2016, 53),
(159, '3465467657.55', 2017, 53),
(160, '4545676767.56', 2015, 54),
(161, '3453467675.33', 2016, 54),
(162, '1232234243.44', 2017, 54),
(163, '6775575675.66', 2015, 55),
(164, '4667677553.76', 2016, 55),
(165, '8747467675.34', 2017, 55),
(166, '6674743245.45', 2015, 56),
(167, '3566757456.56', 2016, 56),
(168, '2345465644.56', 2017, 56),
(169, '6576678678.45', 2015, 57),
(170, '9987786677.12', 2016, 57),
(171, '8737466343.45', 2017, 57),
(172, '5453234234.87', 2015, 58),
(173, '7665564523.82', 2016, 58),
(174, '2342343876.98', 2017, 58),
(175, '3427364666.87', 2015, 59),
(176, '2344545342.98', 2016, 59),
(177, '3423423524.03', 2017, 59),
(178, '3434242343.98', 2015, 60),
(179, '3485458584.98', 2016, 60),
(180, '5656464522.93', 2017, 60),
(181, '3274726764.98', 2015, 61),
(182, '3432543554.77', 2016, 61),
(183, '6565724374.73', 2017, 61),
(184, '3476365422.87', 2015, 62),
(185, '2349877874.98', 2016, 62),
(186, '5455877872.34', 2017, 62),
(187, '6656557243.83', 2015, 63),
(188, '3476767663.98', 2016, 63),
(189, '2346376344.09', 2017, 63),
(190, '3435445322.34', 2015, 64),
(191, '4445645645.56', 2016, 64),
(192, '3456456563.23', 2017, 64),
(193, '4545235243.45', 2015, 65),
(194, '4564623424.44', 2016, 65),
(195, '5567567454.77', 2017, 65),
(196, '6745677443.54', 2015, 66),
(197, '4567467564.34', 2016, 66),
(198, '4645676757.34', 2017, 66),
(199, '7567567655.56', 2015, 67),
(200, '6867846322.56', 2016, 67),
(201, '6757546364.88', 2017, 67),
(202, '5645645656.56', 2015, 68),
(203, '6757456646.33', 2016, 68),
(204, '2454565466.56', 2017, 68),
(205, '4565575675.56', 2015, 69),
(206, '5674467633.56', 2016, 69),
(207, '6756453335.67', 2017, 69),
(208, '7686578567.34', 2015, 70),
(209, '5657464674.45', 2016, 70),
(210, '7467474345.42', 2017, 70),
(211, '5453453532.33', 2015, 71),
(212, '4534354353.45', 2016, 71),
(213, '5657567657.33', 2017, 71),
(214, '8374874783.73', 2015, 72),
(215, '3448374832.34', 2016, 72),
(216, '4565635342.98', 2017, 72),
(217, '4343478797.98', 2015, 73),
(218, '4535589734.87', 2016, 73),
(219, '3453454355.98', 2017, 73),
(220, '9987277633.34', 2015, 74),
(221, '6353533425.93', 2016, 74),
(222, '4534535325.89', 2017, 74),
(223, '4524525245.87', 2015, 75),
(224, '3876676763.08', 2016, 75),
(225, '3453454534.98', 2017, 75),
(226, '4558258277.98', 2015, 76),
(227, '9897287457.63', 2016, 76),
(228, '4234237873.98', 2017, 76),
(229, '2342343488.98', 2015, 77),
(230, '3898437488.98', 2016, 77),
(231, '3423439849.45', 2017, 77),
(232, '6746767676.93', 2015, 78),
(233, '3482747877.93', 2016, 78),
(234, '2343848878.44', 2017, 78),
(235, '4584787787.37', 2015, 79),
(236, '3476364767.87', 2016, 79),
(237, '2343487873.98', 2017, 79),
(238, '3487877873.63', 2015, 80),
(239, '3748374788.78', 2016, 80),
(240, '2348374878.44', 2017, 80),
(241, '8787874637.34', 2015, 81),
(242, '7767634224.67', 2016, 81),
(243, '5656575675.51', 2017, 81),
(244, '7463756376.87', 2015, 82),
(245, '5898595987.94', 2016, 82),
(246, '7682364727.34', 2017, 82),
(247, '3423423434.98', 2015, 83),
(248, '9848577745.74', 2016, 83),
(249, '4487867673.74', 2017, 83),
(250, '8457877475.76', 2015, 84),
(251, '8243245454.74', 2016, 84),
(252, '7878734878.34', 2017, 84),
(253, '8783742342.43', 2015, 85),
(254, '5645658534.34', 2016, 85),
(255, '6736482476.24', 2017, 85),
(256, '8343423777.98', 2015, 86),
(257, '2454537583.87', 2016, 86),
(258, '4545898983.34', 2017, 86),
(259, '4534590909.83', 2015, 87),
(260, '1341234834.33', 2016, 87),
(261, '9839492871.93', 2017, 87),
(262, '8374872838.73', 2015, 88),
(263, '9892348782.53', 2016, 88),
(264, '3438492737.33', 2017, 88),
(265, '8763676762.34', 2015, 89),
(266, '9837482347.87', 2016, 89),
(267, '7673643676.76', 2017, 89),
(268, '7673648862.98', 2015, 90),
(269, '6786868663.23', 2016, 90),
(270, '3487878782.34', 2017, 90),
(271, '8783472673.83', 2015, 91),
(272, '8347827882.83', 2016, 91),
(273, '7627367462.98', 2017, 91),
(274, '9827387427.33', 2015, 92),
(275, '8738782636.34', 2016, 92),
(276, '6877834372.33', 2017, 92),
(277, '7673676476.98', 2015, 93),
(278, '3478237423.98', 2016, 93),
(279, '5502835893.76', 2017, 93),
(280, '3482374877.83', 2015, 94),
(281, '2342349983.76', 2016, 94),
(282, '5664565333.00', 2017, 94),
(283, '6533434988.33', 2015, 95),
(284, '7676752734.74', 2016, 95),
(285, '6542342342.65', 2017, 95),
(286, '3413481849.33', 2015, 96),
(287, '8736462736.73', 2016, 96),
(288, '2374637676.33', 2017, 96),
(289, '7637467263.34', 2015, 97),
(290, '5453535345.23', 2016, 97),
(291, '6757757335.45', 2017, 97),
(292, '5645636534.12', 2015, 98),
(293, '4635645674.45', 2016, 98),
(294, '6456363644.11', 2017, 98),
(295, '3453534534.45', 2015, 99),
(296, '3452515345.66', 2016, 99),
(297, '6575746646.23', 2017, 99),
(298, '1453545676.34', 2015, 100),
(299, '2565463563.23', 2016, 100),
(300, '5656354633.34', 2017, 100),
(301, '4524456345.34', 2015, 101),
(302, '2345635634.23', 2016, 101),
(303, '3453453465.45', 2017, 101),
(304, '4534535234.34', 2015, 102),
(305, '4453453245.56', 2016, 102),
(306, '6564565633.34', 2017, 102),
(307, '6563546463.33', 2015, 103),
(308, '5676867864.34', 2016, 103),
(309, '6574674563.54', 2017, 103),
(310, '3234234424.45', 2015, 104),
(311, '6563546354.34', 2016, 104),
(312, '5765775673.23', 2017, 104),
(313, '9878734676.23', 2015, 105),
(314, '3423476667.23', 2016, 105),
(315, '7672837798.56', 2017, 105),
(316, '4532423455.82', 2015, 106),
(317, '8487857877.45', 2016, 106),
(318, '9874758727.54', 2017, 106),
(319, '5635463532.34', 2015, 107),
(320, '6537657467.23', 2016, 107),
(321, '3767585843.34', 2017, 107),
(322, '8763674676.34', 2015, 108),
(323, '9984837478.43', 2016, 108),
(324, '5454059999.33', 2017, 108),
(325, '8736476767.54', 2015, 109),
(326, '9839849382.33', 2016, 109),
(327, '8367467622.45', 2017, 109),
(328, '9276476663.34', 2015, 110),
(329, '7364767676.54', 2016, 110),
(330, '6565652384.66', 2017, 110),
(331, '4767263645.65', 2015, 111),
(332, '3764763746.43', 2016, 111),
(333, '2387427767.54', 2017, 111),
(334, '2347870091.43', 2015, 112),
(335, '9238948998.88', 2016, 112),
(336, '9898923413.66', 2017, 112);

--
-- Constraints for dumped tables
--

--
-- Limitadores para a tabela `funcao_estado`
--
ALTER TABLE `funcao_estado`
  ADD CONSTRAINT `Estado1` FOREIGN KEY (`idEstado`) REFERENCES `estado` (`idEstado`) ON DELETE NO ACTION ON UPDATE NO ACTION,
  ADD CONSTRAINT `Funcao2` FOREIGN KEY (`idFuncao`) REFERENCES `funcao` (`idFuncao`) ON DELETE NO ACTION ON UPDATE NO ACTION;

--
-- Limitadores para a tabela `orgaosuperior_funcao`
--
ALTER TABLE `orgaosuperior_funcao`
  ADD CONSTRAINT `Funcao1` FOREIGN KEY (`idFuncao`) REFERENCES `funcao` (`idFuncao`) ON DELETE NO ACTION ON UPDATE NO ACTION,
  ADD CONSTRAINT `OrgaoSuperior1` FOREIGN KEY (`idOrgaoSuperior`) REFERENCES `orgaosuperior` (`idOrgaoSuperior`) ON DELETE NO ACTION ON UPDATE NO ACTION;

--
-- Limitadores para a tabela `programa`
--
ALTER TABLE `programa`
  ADD CONSTRAINT `SubFuncao1` FOREIGN KEY (`idSubFuncao`) REFERENCES `subfuncao` (`idSubFuncao`) ON DELETE NO ACTION ON UPDATE NO ACTION;

--
-- Limitadores para a tabela `subfuncao`
--
ALTER TABLE `subfuncao`
  ADD CONSTRAINT `Funcao3` FOREIGN KEY (`idFuncao`) REFERENCES `funcao` (`idFuncao`) ON DELETE NO ACTION ON UPDATE NO ACTION;

--
-- Limitadores para a tabela `valorpago`
--
ALTER TABLE `valorpago`
  ADD CONSTRAINT `Programa1` FOREIGN KEY (`idPrograma`) REFERENCES `programa` (`idPrograma`) ON DELETE NO ACTION ON UPDATE NO ACTION;
COMMIT;

/*!40101 SET CHARACTER_SET_CLIENT=@OLD_CHARACTER_SET_CLIENT */;
/*!40101 SET CHARACTER_SET_RESULTS=@OLD_CHARACTER_SET_RESULTS */;
/*!40101 SET COLLATION_CONNECTION=@OLD_COLLATION_CONNECTION */;
